"Sample","Motif","Status","Best_AA_Call","Best_Codon","Best_Percent","Ref_Name","Ref_Percent","Mutant_Name","Mutant_Percent","Confidence","AB1.File","AB1.Directory"
"LIB40060K","A16V","Pass","A","GCA",100,"Ref_A",100,"",0,98.5,"LIB40060KdhfrForward_PREMIX_Plate_DNA_00017079_E09.ab1","Example.Data//DHFR_Data/LIB40060K"
"LIB40060K","C50R","Pass","C","TGT",87,"Ref_C",87,"Mutant_R",13,93.56,"LIB40060KdhfrForward_PREMIX_Plate_DNA_00017079_E09.ab1","Example.Data//DHFR_Data/LIB40060K"
"LIB40060K","N51I","Pass","I","ATT",100,"",0,"Mutant_I",100,95.64,"LIB40060KdhfrForward_PREMIX_Plate_DNA_00017079_E09.ab1","Example.Data//DHFR_Data/LIB40060K"
"LIB40060K","C59R","Pass","R","CGT",100,"",0,"Mutant_R",100,96.7,"LIB40060KdhfrForward_PREMIX_Plate_DNA_00017079_E09.ab1","Example.Data//DHFR_Data/LIB40060K"
"LIB40060K","S108N","Pass","N","AAC",82,"Ref_S",18,"Mutant_N",82,80.27,"LIB40060KdhfrForward_PREMIX_Plate_DNA_00017079_E09.ab1","Example.Data//DHFR_Data/LIB40060K"
"LIB40060K","V140L","Pass","V","GTT",100,"Ref_V",100,"",0,85.19,"LIB40060KdhfrForward_PREMIX_Plate_DNA_00017079_E09.ab1","Example.Data//DHFR_Data/LIB40060K"
"LIB40060K","I164L","Pass","L","CTG",81,"Ref_I",19,"Mutant_L",81,21.53,"LIB40060KdhfrForward_PREMIX_Plate_DNA_00017079_E09.ab1","Example.Data//DHFR_Data/LIB40060K"
"LIB40064T","A16V","FAIL","","",NA,"",NA,"",NA,0,"LIB40064TdhfrForward_PREMIX_Plate_DNA_00017079_G09.ab1","Example.Data//DHFR_Data/LIB40064T"
"LIB40064T","C50R","Pass","C","TGT",71,"Ref_C",71,"Mutant_R",29,63.91,"LIB40064TdhfrForward_PREMIX_Plate_DNA_00017079_G09.ab1","Example.Data//DHFR_Data/LIB40064T"
"LIB40064T","N51I","Pass","I","ATT",90,"Ref_N",10,"Mutant_I",90,68.16,"LIB40064TdhfrForward_PREMIX_Plate_DNA_00017079_G09.ab1","Example.Data//DHFR_Data/LIB40064T"
"LIB40064T","C59R","Pass","R","CGT",100,"",0,"Mutant_R",100,61.12,"LIB40064TdhfrForward_PREMIX_Plate_DNA_00017079_G09.ab1","Example.Data//DHFR_Data/LIB40064T"
"LIB40064T","S108N","Pass","N","AAC",72,"Ref_S",28,"Mutant_N",72,71.02,"LIB40064TdhfrForward_PREMIX_Plate_DNA_00017079_G09.ab1","Example.Data//DHFR_Data/LIB40064T"
"LIB40064T","V140L","Pass","V","GTT",64,"Ref_V",64,"",0,73.77,"LIB40064TdhfrForward_PREMIX_Plate_DNA_00017079_G09.ab1","Example.Data//DHFR_Data/LIB40064T"
"LIB40064T","I164L","Pass","V","GTA",59,"Ref_I",41,"",0,65.53,"LIB40064TdhfrForward_PREMIX_Plate_DNA_00017079_G09.ab1","Example.Data//DHFR_Data/LIB40064T"
"LIB40070C","A16V","FAIL","","",NA,"",NA,"",NA,0,"LIB40070CdhfrForward_PREMIX_Plate_DNA_00017079_H09.ab1","Example.Data//DHFR_Data/LIB40070C"
"LIB40070C","C50R","Pass","C","TGT",74,"Ref_C",74,"Mutant_R",26,68.58,"LIB40070CdhfrForward_PREMIX_Plate_DNA_00017079_H09.ab1","Example.Data//DHFR_Data/LIB40070C"
"LIB40070C","N51I","Pass","I","ATA",90,"Ref_N",10,"Mutant_I",90,75.51,"LIB40070CdhfrForward_PREMIX_Plate_DNA_00017079_H09.ab1","Example.Data//DHFR_Data/LIB40070C"
"LIB40070C","C59R","Pass","C","TGT",66,"Ref_C",66,"Mutant_R",34,76.26,"LIB40070CdhfrForward_PREMIX_Plate_DNA_00017079_H09.ab1","Example.Data//DHFR_Data/LIB40070C"
"LIB40070C","S108N","Pass","N","AAC",75,"Ref_S",25,"Mutant_N",75,88.87,"LIB40070CdhfrForward_PREMIX_Plate_DNA_00017079_H09.ab1","Example.Data//DHFR_Data/LIB40070C"
"LIB40070C","V140L","Pass","V","GTT",100,"Ref_V",100,"",0,99.58,"LIB40070CdhfrForward_PREMIX_Plate_DNA_00017079_H09.ab1","Example.Data//DHFR_Data/LIB40070C"
"LIB40070C","I164L","Pass","I","ATA",64,"Ref_I",64,"Mutant_L",36,68.23,"LIB40070CdhfrForward_PREMIX_Plate_DNA_00017079_H09.ab1","Example.Data//DHFR_Data/LIB40070C"
"LIB40071T","A16V","Pass","A","GCA",100,"Ref_A",100,"",0,99.21,"LIB40071TdhfrForward_PREMIX_Plate_DNA_00017079_A10.ab1","Example.Data//DHFR_Data/LIB40071T"
"LIB40071T","C50R","Pass","C","TGT",100,"Ref_C",100,"",0,99.03,"LIB40071TdhfrForward_PREMIX_Plate_DNA_00017079_A10.ab1","Example.Data//DHFR_Data/LIB40071T"
"LIB40071T","N51I","Pass","I","ATT",100,"",0,"Mutant_I",100,99.5,"LIB40071TdhfrForward_PREMIX_Plate_DNA_00017079_A10.ab1","Example.Data//DHFR_Data/LIB40071T"
"LIB40071T","C59R","Pass","R","CGT",100,"",0,"Mutant_R",100,99.36,"LIB40071TdhfrForward_PREMIX_Plate_DNA_00017079_A10.ab1","Example.Data//DHFR_Data/LIB40071T"
"LIB40071T","S108N","Pass","N","AAC",100,"",0,"Mutant_N",100,99.68,"LIB40071TdhfrForward_PREMIX_Plate_DNA_00017079_A10.ab1","Example.Data//DHFR_Data/LIB40071T"
"LIB40071T","V140L","Pass","V","GTT",100,"Ref_V",100,"",0,99.69,"LIB40071TdhfrForward_PREMIX_Plate_DNA_00017079_A10.ab1","Example.Data//DHFR_Data/LIB40071T"
"LIB40071T","I164L","Pass","I","ATA",84,"Ref_I",84,"Mutant_L",16,86.45,"LIB40071TdhfrForward_PREMIX_Plate_DNA_00017079_A10.ab1","Example.Data//DHFR_Data/LIB40071T"
"LIB40107U","A16V","Pass","T","ACA",36,"Ref_A",34,"Mutant_V",31,69.34,"LIB40107UdhfrForward_PREMIX_Plate_DNA_00017079_B10.ab1","Example.Data//DHFR_Data/LIB40107U"
"LIB40107U","C50R","Pass","C","TGT",89,"Ref_C",89,"Mutant_R",11,88.27,"LIB40107UdhfrForward_PREMIX_Plate_DNA_00017079_B10.ab1","Example.Data//DHFR_Data/LIB40107U"
"LIB40107U","N51I","Pass","I","ATT",100,"",0,"Mutant_I",100,86.65,"LIB40107UdhfrForward_PREMIX_Plate_DNA_00017079_B10.ab1","Example.Data//DHFR_Data/LIB40107U"
"LIB40107U","C59R","Pass","R","CGT",81,"Ref_C",19,"Mutant_R",81,70.55,"LIB40107UdhfrForward_PREMIX_Plate_DNA_00017079_B10.ab1","Example.Data//DHFR_Data/LIB40107U"
"LIB40107U","S108N","FAIL","","",NA,"",NA,"",NA,0,"LIB40107UdhfrForward_PREMIX_Plate_DNA_00017079_B10.ab1","Example.Data//DHFR_Data/LIB40107U"
"LIB40107U","V140L","Pass","V","GTG",61,"Ref_V",61,"Mutant_L",39,73.19,"LIB40107UdhfrForward_PREMIX_Plate_DNA_00017079_B10.ab1","Example.Data//DHFR_Data/LIB40107U"
"LIB40107U","I164L","FAIL","","",NA,"",NA,"",NA,0,"LIB40107UdhfrForward_PREMIX_Plate_DNA_00017079_B10.ab1","Example.Data//DHFR_Data/LIB40107U"
"LIB40112A","A16V","Pass","A","GCA",100,"Ref_A",100,"",0,98.46,"LIB40112AdhfrForward_PREMIX_Plate_DNA_00017079_C10.ab1","Example.Data//DHFR_Data/LIB40112A"
"LIB40112A","C50R","Pass","C","TGT",100,"Ref_C",100,"",0,98.81,"LIB40112AdhfrForward_PREMIX_Plate_DNA_00017079_C10.ab1","Example.Data//DHFR_Data/LIB40112A"
"LIB40112A","N51I","Pass","I","ATT",100,"",0,"Mutant_I",100,98.99,"LIB40112AdhfrForward_PREMIX_Plate_DNA_00017079_C10.ab1","Example.Data//DHFR_Data/LIB40112A"
"LIB40112A","C59R","Pass","R","CGT",100,"",0,"Mutant_R",100,98.36,"LIB40112AdhfrForward_PREMIX_Plate_DNA_00017079_C10.ab1","Example.Data//DHFR_Data/LIB40112A"
"LIB40112A","S108N","Pass","N","AAC",78,"Ref_S",22,"Mutant_N",78,70.27,"LIB40112AdhfrForward_PREMIX_Plate_DNA_00017079_C10.ab1","Example.Data//DHFR_Data/LIB40112A"
"LIB40112A","V140L","Pass","V","GTT",100,"Ref_V",100,"",0,89.82,"LIB40112AdhfrForward_PREMIX_Plate_DNA_00017079_C10.ab1","Example.Data//DHFR_Data/LIB40112A"
"LIB40112A","I164L","FAIL","","",NA,"",NA,"",NA,0,"LIB40112AdhfrForward_PREMIX_Plate_DNA_00017079_C10.ab1","Example.Data//DHFR_Data/LIB40112A"
"LIB40115N","A16V","Pass","A","GCA",100,"Ref_A",100,"",0,98.14,"LIB40115NdhfrForward_PREMIX_Plate_DNA_00017079_D10.ab1","Example.Data//DHFR_Data/LIB40115N"
"LIB40115N","C50R","Pass","C","TGT",100,"Ref_C",100,"",0,98.88,"LIB40115NdhfrForward_PREMIX_Plate_DNA_00017079_D10.ab1","Example.Data//DHFR_Data/LIB40115N"
"LIB40115N","N51I","Pass","I","ATT",100,"",0,"Mutant_I",100,99.25,"LIB40115NdhfrForward_PREMIX_Plate_DNA_00017079_D10.ab1","Example.Data//DHFR_Data/LIB40115N"
"LIB40115N","C59R","Pass","R","CGT",100,"",0,"Mutant_R",100,99.44,"LIB40115NdhfrForward_PREMIX_Plate_DNA_00017079_D10.ab1","Example.Data//DHFR_Data/LIB40115N"
"LIB40115N","S108N","Pass","N","AAC",85,"Ref_S",15,"Mutant_N",85,92.72,"LIB40115NdhfrForward_PREMIX_Plate_DNA_00017079_D10.ab1","Example.Data//DHFR_Data/LIB40115N"
"LIB40115N","V140L","Pass","V","GTT",100,"Ref_V",100,"",0,98.87,"LIB40115NdhfrForward_PREMIX_Plate_DNA_00017079_D10.ab1","Example.Data//DHFR_Data/LIB40115N"
"LIB40115N","I164L","Pass","L","TTG",76,"Ref_I",24,"Mutant_L",76,26.93,"LIB40115NdhfrForward_PREMIX_Plate_DNA_00017079_D10.ab1","Example.Data//DHFR_Data/LIB40115N"
"LIB40060K","I431V","FAIL","","",NA,"",NA,"",NA,0,"LIB40060KdhpsForward_PREMIX_Plate_DNA_00017079_A03.ab1","Example.Data//DHPS_Data/LIB40060K"
"LIB40060K","S436F","FAIL","","",NA,"",NA,"",NA,0,"LIB40060KdhpsForward_PREMIX_Plate_DNA_00017079_A03.ab1","Example.Data//DHPS_Data/LIB40060K"
"LIB40060K","G437A","FAIL","","",NA,"",NA,"",NA,0,"LIB40060KdhpsForward_PREMIX_Plate_DNA_00017079_A03.ab1","Example.Data//DHPS_Data/LIB40060K"
"LIB40060K","K540E","Pass","K","AAA",93,"Ref_K",93,"Mutant_E",7,74.86,"LIB40060KdhpsForward_PREMIX_Plate_DNA_00017079_A03.ab1","Example.Data//DHPS_Data/LIB40060K"
"LIB40060K","A581G","Pass","A","GCT",70,"Ref_A",70,"Mutant_G",30,60.12,"LIB40060KdhpsForward_PREMIX_Plate_DNA_00017079_A03.ab1","Example.Data//DHPS_Data/LIB40060K"
"LIB40060K","A613S","FAIL","","",NA,"",NA,"",NA,0,"LIB40060KdhpsForward_PREMIX_Plate_DNA_00017079_A03.ab1","Example.Data//DHPS_Data/LIB40060K"
"LIB40064T","I431V","FAIL","","",NA,"",NA,"",NA,0,"LIB40064TdhpsForward_PREMIX_Plate_DNA_00017079_C03.ab1","Example.Data//DHPS_Data/LIB40064T"
"LIB40064T","S436F","FAIL","","",NA,"",NA,"",NA,0,"LIB40064TdhpsForward_PREMIX_Plate_DNA_00017079_C03.ab1","Example.Data//DHPS_Data/LIB40064T"
"LIB40064T","G437A","FAIL","","",NA,"",NA,"",NA,0,"LIB40064TdhpsForward_PREMIX_Plate_DNA_00017079_C03.ab1","Example.Data//DHPS_Data/LIB40064T"
"LIB40064T","K540E","Pass","K","AAA",100,"Ref_K",100,"",0,55.84,"LIB40064TdhpsForward_PREMIX_Plate_DNA_00017079_C03.ab1","Example.Data//DHPS_Data/LIB40064T"
"LIB40064T","A581G","Pass","P","CCA",36,"Ref_A",31,"Mutant_G",32,49.41,"LIB40064TdhpsForward_PREMIX_Plate_DNA_00017079_C03.ab1","Example.Data//DHPS_Data/LIB40064T"
"LIB40064T","A613S","FAIL","","",NA,"",NA,"",NA,0,"LIB40064TdhpsForward_PREMIX_Plate_DNA_00017079_C03.ab1","Example.Data//DHPS_Data/LIB40064T"
"LIB40070C","I431V","FAIL","","",NA,"",NA,"",NA,0,"LIB40070CdhpsForward_PREMIX_Plate_DNA_00017079_D03.ab1","Example.Data//DHPS_Data/LIB40070C"
"LIB40070C","S436F","FAIL","","",NA,"",NA,"",NA,0,"LIB40070CdhpsForward_PREMIX_Plate_DNA_00017079_D03.ab1","Example.Data//DHPS_Data/LIB40070C"
"LIB40070C","G437A","FAIL","","",NA,"",NA,"",NA,0,"LIB40070CdhpsForward_PREMIX_Plate_DNA_00017079_D03.ab1","Example.Data//DHPS_Data/LIB40070C"
"LIB40070C","K540E","FAIL","","",NA,"",NA,"",NA,0,"LIB40070CdhpsForward_PREMIX_Plate_DNA_00017079_D03.ab1","Example.Data//DHPS_Data/LIB40070C"
"LIB40070C","A581G","FAIL","","",NA,"",NA,"",NA,0,"LIB40070CdhpsForward_PREMIX_Plate_DNA_00017079_D03.ab1","Example.Data//DHPS_Data/LIB40070C"
"LIB40070C","A613S","FAIL","","",NA,"",NA,"",NA,0,"LIB40070CdhpsForward_PREMIX_Plate_DNA_00017079_D03.ab1","Example.Data//DHPS_Data/LIB40070C"
"LIB40071T","I431V","FAIL","","",NA,"",NA,"",NA,0,"LIB40071TdhpsForward_PREMIX_Plate_DNA_00017079_E03.ab1","Example.Data//DHPS_Data/LIB40071T"
"LIB40071T","S436F","FAIL","","",NA,"",NA,"",NA,0,"LIB40071TdhpsForward_PREMIX_Plate_DNA_00017079_E03.ab1","Example.Data//DHPS_Data/LIB40071T"
"LIB40071T","G437A","FAIL","","",NA,"",NA,"",NA,0,"LIB40071TdhpsForward_PREMIX_Plate_DNA_00017079_E03.ab1","Example.Data//DHPS_Data/LIB40071T"
"LIB40071T","K540E","FAIL","","",NA,"",NA,"",NA,0,"LIB40071TdhpsForward_PREMIX_Plate_DNA_00017079_E03.ab1","Example.Data//DHPS_Data/LIB40071T"
"LIB40071T","A581G","FAIL","","",NA,"",NA,"",NA,0,"LIB40071TdhpsForward_PREMIX_Plate_DNA_00017079_E03.ab1","Example.Data//DHPS_Data/LIB40071T"
"LIB40071T","A613S","FAIL","","",NA,"",NA,"",NA,0,"LIB40071TdhpsForward_PREMIX_Plate_DNA_00017079_E03.ab1","Example.Data//DHPS_Data/LIB40071T"
"LIB40107U","I431V","Pass","I","ATA",100,"Ref_I",100,"",0,94.78,"LIB40107UdhpsForward_PREMIX_Plate_DNA_00017079_F03.ab1","Example.Data//DHPS_Data/LIB40107U"
"LIB40107U","S436F","Pass","S","TCT",100,"Ref_S",100,"",0,98.3,"LIB40107UdhpsForward_PREMIX_Plate_DNA_00017079_F03.ab1","Example.Data//DHPS_Data/LIB40107U"
"LIB40107U","G437A","Pass","G","GGT",100,"Ref_G",100,"",0,97.35,"LIB40107UdhpsForward_PREMIX_Plate_DNA_00017079_F03.ab1","Example.Data//DHPS_Data/LIB40107U"
"LIB40107U","K540E","Pass","E","GAA",100,"",0,"Mutant_E",100,92.87,"LIB40107UdhpsForward_PREMIX_Plate_DNA_00017079_F03.ab1","Example.Data//DHPS_Data/LIB40107U"
"LIB40107U","A581G","Pass","A","GCG",100,"Ref_A",100,"",0,94.2,"LIB40107UdhpsForward_PREMIX_Plate_DNA_00017079_F03.ab1","Example.Data//DHPS_Data/LIB40107U"
"LIB40107U","A613S","Pass","A","GCC",100,"Ref_A",100,"",0,98.77,"LIB40107UdhpsForward_PREMIX_Plate_DNA_00017079_F03.ab1","Example.Data//DHPS_Data/LIB40107U"
"LIB40112A","I431V","Pass","I","ATA",100,"Ref_I",100,"",0,94.89,"LIB40112AdhpsForward_PREMIX_Plate_DNA_00017079_G03.ab1","Example.Data//DHPS_Data/LIB40112A"
"LIB40112A","S436F","Pass","A","GCT",74,"Ref_S",26,"",0,90.26,"LIB40112AdhpsForward_PREMIX_Plate_DNA_00017079_G03.ab1","Example.Data//DHPS_Data/LIB40112A"
"LIB40112A","G437A","Pass","G","GGT",100,"Ref_G",100,"",0,97.08,"LIB40112AdhpsForward_PREMIX_Plate_DNA_00017079_G03.ab1","Example.Data//DHPS_Data/LIB40112A"
"LIB40112A","K540E","Pass","K","AAA",82,"Ref_K",82,"Mutant_E",18,87.84,"LIB40112AdhpsForward_PREMIX_Plate_DNA_00017079_G03.ab1","Example.Data//DHPS_Data/LIB40112A"
"LIB40112A","A581G","Pass","A","GCG",95,"Ref_A",95,"Mutant_G",5,95.38,"LIB40112AdhpsForward_PREMIX_Plate_DNA_00017079_G03.ab1","Example.Data//DHPS_Data/LIB40112A"
"LIB40112A","A613S","Pass","A","GCC",100,"Ref_A",100,"",0,99.21,"LIB40112AdhpsForward_PREMIX_Plate_DNA_00017079_G03.ab1","Example.Data//DHPS_Data/LIB40112A"
"LIB40115N","I431V","Pass","I","ATA",94,"Ref_I",94,"Mutant_V",6,94.54,"LIB40115NdhpsForward_PREMIX_Plate_DNA_00017079_H03.ab1","Example.Data//DHPS_Data/LIB40115N"
"LIB40115N","S436F","Pass","S","TCT",100,"Ref_S",100,"",0,98.84,"LIB40115NdhpsForward_PREMIX_Plate_DNA_00017079_H03.ab1","Example.Data//DHPS_Data/LIB40115N"
"LIB40115N","G437A","Pass","G","GGT",100,"Ref_G",100,"",0,98.07,"LIB40115NdhpsForward_PREMIX_Plate_DNA_00017079_H03.ab1","Example.Data//DHPS_Data/LIB40115N"
"LIB40115N","K540E","Pass","K","AAA",100,"Ref_K",100,"",0,93.96,"LIB40115NdhpsForward_PREMIX_Plate_DNA_00017079_H03.ab1","Example.Data//DHPS_Data/LIB40115N"
"LIB40115N","A581G","Pass","A","GCG",94,"Ref_A",94,"Mutant_G",6,94.48,"LIB40115NdhpsForward_PREMIX_Plate_DNA_00017079_H03.ab1","Example.Data//DHPS_Data/LIB40115N"
"LIB40115N","A613S","Pass","A","GCC",100,"Ref_A",100,"",0,99.43,"LIB40115NdhpsForward_PREMIX_Plate_DNA_00017079_H03.ab1","Example.Data//DHPS_Data/LIB40115N"
